{
  "info" : {
    "version" : 1,
    "author" : "xcode"
  },
  "colors" : [
    {
      "idiom" : "universal",
      "color" : {
        "platform" : "ios",
        "reference" : "secondarySystemBackgroundColor"
      }
    },
    {
      "idiom" : "universal",
      "appearances" : [
        {
          "appearance" : "luminosity",
          "value" : "dark"
        }
      ],
      "color" : {
        "platform" : "ios",
        "reference" : "secondarySystemBackgroundColor"
      }
    }
  ]
}